Title,Price
Smart Tv Hisense 43A42HPI 43'' Led Full Hd Vidaa,377.999
Smart Tv Hisense 32A42H 32'' Led Hd Vidaa,277.399
Smart Philips 32 Hd 32phd6918/77 Google Tv SERIE 6000,299.999
Smart Tv Hisense 50a64h Led Uhd 4K 50'',579.999
Tv Led TDA / Monitor 24 Pulgadas Kodak WE24MT005 Hd Ultra Bass Led Hdmi 220V,163.590
Smart Tv Philips 43 Fhd Google Tv Control Por Voz,455.899
Televisor Samsung Smart Tv Negro T4300 - Pantalla 32'' Hd,340.399
Tcl 55 4k Hdr L55p735 Google Tv Negro,655.999
Google Tv 4K UHD 6900 Series Philips 50pud7408/77 Negro,699.999
Led Smart Tv 43 Hitachi Le43smart23 Fhd Androidtv,483.101
Televisor Philips 5500 Series 24phd5565/77 Led HD 24'',199.999
Smart Tv Led Android Tv 32 Rca R32andf Hd Bluetooth Wifi Cts,319.999
Smart Tv Samsung 55 Cristal Uhd 4k Cu7000,849.999
Smart TV Philips 43 43PUD7408/77 4K HDR Android Tv,529.999
Smart Tv Quint 32 Pulgadas Qt2-32android Hd Android,289.841
Smart Tv Samsung Qled Qn55q65cagczb 4k 55 220v/240v,1.099.999
Smart Tv Kanji 40 Led Android Tv Fhd 220v Kj-4xtl005 Negro 220V,313.745
Smart Tv LG Smart Tv 43ur8750 Led Webos Uhd 4k 43 220v,639.999
Smart TV Hisense 55U60H 55'' Uled 4K Google TV,853.999
Televisor Philips 43'' Android Tv 10 Full Hd Hdr10 Bluetooth,449.999
Smart Tv Samsung 55'' Qled 4k Q65b Quantum Dot Negro Airslim,999.999
Smart Tv Skyworth 50  Led 4k Uhd Frameless Google Tv,506.000
Tv Smart Led Philips 55 4K UHD 55pud7408/77 Google Tv,749.098
"Smart TV RCA R43AND-F LED Full HD 43"" 100V/240V",459.999
Smart Tv Samsung 43 Neo Qled 4k Qn90c Tv Gaming,1.699.990
"Smart TV Philips 7400 Series 55PUD7406/77 LED 4K 55"" 110V/240V",779.999
Televisor TCL LED 32S5400AF Android TV 32 FULL HD Con HDR Negro,314.999
Smart TV Hisense 50U60H 50'' ULED 4K Google Tv,799.999
Smart Tv Hisense 65u70hpi 65'' Uled 4k 120 hz Google Tv,1.599.999
Televisor Samsung Un43t5300agczb Smart Tv Pantalla 43,529.999
Tv Noblex 32' Dr32x7000 Con Android Smart Hd (1366 X 768),316.328
Tcl Mini Led L55c835 Uhd Google Tv-rv Negro,1.499.999
Smart Tv Samsung The Frame Qled 4k 55'' + Marco Beige,1.799.999
Smart Tv Enova 50 Pulgadas 4k Uhd Android Tv Frameless,598.999
Tcl Mini Led L55c845 Uhd Google Tv Negro,1.599.999
Smart Tv 32¨ Philips Android Hd 32phd6917/77 + Bluetooth,288.399
Smart Google Tv Tcl Qled 55c645 4k Uhd,1.124.272
Smart Tv 32 Rca C32and Android Hdr Tda,272.999
Smart Tv LG 43 Lm6350psb Hdr Full Hd Bluetooth Webos 4.0,449.999
Smart Tv Philips 55pud7908 4k Ambilight Google Tv,882.089
Smart Tv Android Full Hd 43 Pulgadas Bgh B4323fk5a Voz Tda,458.311
Smart Android Tv 4k Led 50 Pulgadas Hey Google Chromecast,636.319
Smart Tv Hd 32 Bgh Android B3223k5a,319.625
Smart Tv Samsung 50 Un50cu7000gczb Led 4k,697.423
Smart Tv 50 Pulgadas 4k Ultra Hd 50uq8050psb - LG,784.999
Smart Tv Kodak Smartvision 32sv1000 Led Hd 32 110v/240v,234.999
Smart Tv Samsung 2021 N43au7000gczb Uhd 4k Tizen Led 43,589.999
Tcl Led L32s5400 Android Tv,319.999
"Smart TV Noblex DR50X7550 LED Android TV 4K 50"" 220V",645.999
Smart Tv Samsung Gaming 50'' Neo Qled 4k Qn90c,1.999.999
